This is a csv dump for anno data version 0.3.1, see model http://aprilboy.e404.sk/anno2070/json\list_of_buildings_model_v0.3.1.json ...
To calculate with the data in spreadsheet formulas, try something like the following instead of fixed ranges (order of columns might change in future versions):
" =INDEX(data_range;MATCH($A2;OFFSET(data_first_column;0;MATCH('Eng';data_headers;0)-1);0);MATCH(B$1;data_headers;0))"

.ifo;BuildBlocker.x;BuildBlocker.z;BuildCost.AdvancedWeapons;BuildCost.BuildingModules;BuildCost.Carbon;BuildCost.Concrete;BuildCost.Credits;BuildCost.Glass;BuildCost.HeavyWeapons;BuildCost.Steel;BuildCost.Tools;BuildCost.Weapons;BuildCost.Wood;Eng;Faction;FarmField.BuildBlocker.x;FarmField.BuildBlocker.z;FarmField.Count;FarmField.Fertility;FarmField.GUID;GUID;Group;IconFileName;IconWikiaFile;InfluenceRadius;MaintenanceCost.ActiveAtStart;MaintenanceCost.ActiveCost;MaintenanceCost.ActiveEcoEffect;MaintenanceCost.ActiveEnergyCost;MaintenanceCost.ActiveEnergyProduction;MaintenanceCost.EcoEffectFadingSpeed;MaintenanceCost.InactiveCost;MaintenanceCost.InactiveEcoEffect;MaintenanceCost.InactiveEnergyCost;MaintenanceCost.InactiveEnergyProduction;MaintenanceCost.InitTime;MaintenanceCost.MinimumEnergyLevel;MaxResidentCount;Name;Production.Product.BaseGoldPrice;Production.Product.Eng;Production.Product.GUID;Production.Product.Name;Production.ProductionCount;Production.ProductionTime;Production.ProductionTonsPerMinute;Production.RawMaterial1;Production.RawMaterial2;Production.RawNeeded1;Production.RawNeeded1TonsPerMinute;Production.RawNeeded2;Production.RawNeeded2TonsPerMinute;Template;Unlock.IntermediateLevel;Unlock.ResidentCount;Unlock.ResidentLevel;
tycoons\residence\Worker_Residence_tycoons_01\Worker_Residence_tycoons_01.ifo;;;;2;;;;;;;;;;Worker Barracks;tycoons;;;;;;10021;residence;icon_27_71.png;Tyco-res-icon.png;;;;;;;;;;;;;;8;tycoon_worker_residence;;;;;;;;;;;;;;ResidenceBuilding;IntermediateTycoons;;;
tycoons\residence\Citizen_Residence_tycoons_01\Citizen_Residence_tycoons_01.ifo;;;;2;;;;;;;1;;;Employee House;tycoons;;;;;;10076;residence;icon_27_71.png;Tyco-res-icon.png;;;;;;;;;;;;;;15;tycoon_citizen_residence;;;;;;;;;;;;;;ResidenceBuilding;IntermediateTycoons;;;
tycoons\residence\Executive_Residence_tycoons_01\executive_residence_tycoons_01.ifo;;;;4;;3;;;;;3;;;Engineer Apartments;tycoons;;;;;;10116;residence;icon_27_71.png;Tyco-res-icon.png;;;;;;;;;;;;;;25;tycoon_executive_residence;;;;;;;;;;;;;;ResidenceBuilding;IntermediateTycoons;;;
tycoons\residence\Leader_Residence_tycoons_01\leader_residence_tycoons_01.ifo;;;;5;;6;;;;4;6;;;Executive Mansion;tycoons;;;;;;10118;residence;icon_27_71.png;Tyco-res-icon.png;;;;;;;;;;;;;;40;tycoon_leader_residence;;;;;;;;;;;;;;ResidenceBuilding;IntermediateTycoons;;;
tycoons\residence\Destroyed_residences_tycoons\destroyed_residence_01_tycoons.ifo;;;;2;;;;;;;;;;Residence ruins;tycoons;;;;;;10221;residence;icon_27_71.png;;;;;;;;;;;;;;;;tycoon_ruin_residence;;;;;;;;;;;;;;ResidenceBuilding;IntermediateTycoons;;;
tycoons\public\town_center_tycoons\town_center_tycoons.ifo;;;;5;;;300;;;;3;;;City Center;tycoons;;;;;;10257;public;icon_27_216.png;Tyco-ctr-icon.png;25;;-10;;-1;;;-10;;-1;;;;;town_center_tycoons;;;;;;;;;;;;;;PublicBuilding;;;;
tycoons\public\casino_tycoons\casino_tycoons.ifo;;;;4;;;300;;;;4;;;Casino;tycoons;;;;;;10147;public;icon_27_168.png;Casino-icon.png;20;;-5;-3;-5;;;-2;;-2;;;;;casino;;;;;;;;;;;;;;PublicBuilding;IntermediateCasino;144;Tycoons1;
tycoons\special\ministry_of_truth\ministry_of_truth_tycoons.ifo;;;;10;;20;800;;;;12;;;Ministry of Truth;tycoons;;;;;;10051;public;icon_27_27.png;Ministry-truth-icon.png;26;;-30;-6;-7;;;-15;;-3;;;75;;ministry_of_truth;;;;;;;;;;;;;;PropagandaBuilding;IntermediateMinistryOfTruth;750;Tycoons2;
tycoons\public\corporate_headquarter_tycoons\corporate_headquarter_tycoons.ifo;;;;20;;30;1200;;;15;8;;;Financial center;tycoons;;;;;;10026;public;icon_27_75.png;Financial-ctr-icon.png;24;;-50;-9;-10;;;-25;;-5;;;;;corporate headquarter;;;;;;;;;;;;;;PublicBuilding;IntermediateCorporateHeadquarter;1200;Tycoons3;
tycoons\public\monument_tycoons\monument_unfinished_01_tycoons.ifo;;;;80;;25;50000;;;25;50;;;Corporate headquarters foundation;tycoons;;;;;;10214;public;icon_27_214.png;;42;;-500;-80;-80;;;-250;-40;-40;;;;;monument_unfinished1_tycoons;;;;;;;;;;;;;;Monument;IntermediateFinalStorage;600;Tycoons4;
tycoons\public\monument_tycoons\monument_unfinished_02_tycoons.ifo;;;;80;;25;50000;;;25;50;;;Corporate headquarter Construction phase 1;tycoons;;;;;;10215;public;icon_27_214.png;;42;;-600;-120;-140;;;-300;-60;-70;;;;;monument_unfinished2_tycoons;;;;;;;;;;;;;;Monument;IntermediateFinalStorage;600;Tycoons4;
tycoons\public\monument_tycoons\monument_unfinished_03_tycoons.ifo;;;;80;;25;50000;;;25;50;;;Corporate Headquarters Construction phase 2;tycoons;;;;;;10216;public;icon_27_214.png;;42;;-750;-160;-200;;;-450;-70;-100;;;;;monument_unfinished3_tycoons;;;;;;;;;;;;;;Monument;IntermediateFinalStorage;600;Tycoons4;
tycoons\public\monument_tycoons\monument_tycoons.ifo;;;;80;;25;50000;;;25;50;;;Corporate headquarters;tycoons;;;;;;10217;public;icon_27_214.png;;42;;-1000;-60;-300;;;-500;-30;-150;;;;;monument_tycoons;;;;;;;;;;;;;;Monument;IntermediateMissileLaunching;1400;Tycoons4;
tycoons\production\flavor_lab_tycoons\flavor_lab_tycoons.ifo;;;;2;;5;150;;;;3;;;Flavor lab;tycoons;;;3;Vegetables;10151;10150;production;icon_27_153.png;Super_flavor.png;6;;-10;-2;-2;;;-5;-1;-1;;;;;flavor_lab;12;Super flavor;2500042;SuperFlavor;1000;20000;3.0;;;;;;;FarmBuilding;IntermediateTVDinner;360;Tycoons2;
tycoons\production\meat_factory_tycoons\meat_factory_tycoons.ifo;;;;1;;3;100;;;;2;;;Meat factory;tycoons;;;3;;10023;10022;production;icon_27_3.png;Meat.png;6;;-5;-3;-2;;;-2;-1;-1;;;;;meatfactory;12;Meat;2500003;Meat;1000;40000;1.5;;;;;;;FarmBuilding;IntermediateTVDinner;360;Tycoons2;
tycoons\production\food_supply_factory_tycoons\food_supply_factory_tycoons.ifo;;;;2;;7;200;;;;4;;;Food supply factory;tycoons;;;;;;10152;production;icon_27_203.png;Convenience_Food.png;20;;-15;-3;-4;;;-7;-2;-2;;;;;food_supply_factory;47;Convenience Food;2500020;TVDinner;1000;20000;3.0;Meat;SuperFlavor;1000;3.0;1000;3.0;FactoryBuilding;IntermediateTVDinner;360;Tycoons2;
tycoons\production\lobster_farm_tycoons\lobster_farm_tycoons.ifo;;;;5;;6;300;;;4;3;;;Lobster farm;tycoons;;;0;;347;10153;production;icon_27_154.png;Lobster.png;0;;-30;-3;-3;;;-15;-1;-1;;;;;lobster_farm;50;Lobster;2500045;Lobster;1000;30000;2.0;;;;;;;FarmBuilding;IntermediateLuxuryMeal;250;Tycoons3;
tycoons\production\truffle_farm_tycoons\truffel_farm_tycoons.ifo;;;;;;8;200;;;3;3;;;Truffle farm;tycoons;;;5;Truffles;10155;10154;production;icon_27_155.png;Truffle.png;7;;-15;-2;-3;;;-7;-1;-1;;;;;truffle_farm;65;Truffle;2500046;Truffles;1000;80000;0.75;;;;;;;FarmBuilding;IntermediateLuxuryMeal;250;Tycoons3;
tycoons\production\gourmet_factory_tycoons\gourmet_factory_tycoons.ifo;;;;8;;10;400;;;6;4;;;Gourmet factory;tycoons;;;;;;10156;production;icon_27_156.png;Luxury_meal.png;20;;-30;-4;-6;;;-15;-2;-3;;;;;gourmet_factory;257;Luxury meal;2500021;LuxuryMeal;1000;60000;1.0;Lobster;Truffles;1000;1.0;1500;1.5;FactoryBuilding;IntermediateLuxuryMeal;250;Tycoons3;
tycoons\production\distillery_tycoons\distillery_tycoon.ifo;;;;2;;;50;;;;1;;;Distillery;tycoons;;;2;Rice;10047;10046;production;icon_27_20.png;Liquor.png;6;;-5;-2;-1;;;-2;-1;;;;;;distillery;12;Liquor;2500007;Liquor;1000;40000;1.5;;;;;;;FarmBuilding;IntermediateLiquor;60;Tycoons1;
tycoons\production\champagne_cellar_tycoons\champagne_cellar_tycoons.ifo;;;;7;;12;400;;;5;8;;;Champagne cellar;tycoons;;;;;;10158;production;icon_27_158.png;Champagne.png;20;;-30;-4;-6;;;-15;-2;-3;;;;;champagne_cellar;245;Champagne;2500024;Champagne;1000;48000;1.25;Grapes;Sugar;1000;1.25;1000;1.25;FactoryBuilding;IntermediateChampagne;950;Tycoons3;
tycoons\production\vineyard_tycoon\vineyard_tycoons.ifo;;;;;;7;200;;;8;4;;;Vineyard;tycoons;;;7;Grapes;10236;10157;production;icon_27_157.png;Grapes.png;9;;-15;-2;-3;;;-7;-1;-1;;;;;vineyard;75;Grapes;2500047;Grapes;1000;96000;0.625;;;;;;;FarmBuilding;IntermediateChampagne;950;Tycoons3;
tycoons\production\oil_driller_tycoons\oil_driller_tycoons.ifo;;;;1;;3;150;;;;1;;;Oil driller;tycoons;;;;;;10149;production;icon_27_124.png;Crude_oil.png;0;;-15;-3;-4;;;-7;-1;-2;;;;;oil_driller;50;Crude oil;2500035;RawOil;1000;60000;1.0;;;;;;;FarmBuilding;IntermediateToys;600;Tycoons2;
tycoons\production\plastic_factory_tycoons\plastic_factory_tycoons.ifo;;;;2;;6;300;;;;3;;;Plastic factory;tycoons;;;;;;10159;production;icon_27_160.png;Plastics.png;20;;-15;-4;-2;;;-7;-2;-1;;;;;plastic_factory;120;Plastics;2500026;Toys;1000;30000;2.0;Oil;;1000;2.0;;;FactoryBuilding;IntermediateToys;600;Tycoons2;
tycoons\production\gold_refinery_tycoons\gold_refinery_tycoons.ifo;;;;7;;;400;;;8;12;;;Gold refinery;tycoons;;;;;350;10161;production;icon_27_161.png;Gold_nuggets.png;0;;-30;-6;-4;;;-15;-3;-2;;;;;gold_refinery;72;Gold nuggets;2500048;GoldNuggets;1000;45000;1.3333333333333333;;;;;;;FarmBuilding;IntermediateJewelry;1;Tycoons4;
tycoons\production\gold_smeltery_tycoons\gold_smeltery_tycoons.ifo;;;;8;;15;500;;;6;6;;;Gold smeltery;tycoons;;;;;;10162;production;icon_27_162.png;Gold.png;20;;-30;-5;-4;;;-15;-2;-2;;;;;gold_smeltery;180;Gold;2500049;Gold;1000;45000;1.3333333333333333;GoldNuggets;Coal;1000;1.3333333333333333;1500;2.0;FactoryBuilding;IntermediateJewelry;1;Tycoons4;
tycoons\production\jewelry_manufactory_tycoons\jewelry_manufactory_tycoons.ifo;;;;9;;18;600;;;8;8;;;Jewelry manufactory;tycoons;;;;;;10163;production;icon_27_163.png;Jewelery.png;20;;-40;-5;-8;;;-20;-2;-4;;;;;jewelry_manufactory;545;Jewelery;2500027;Jewelry;1000;45000;1.3333333333333333;Gold;Diamonds;1000;1.3333333333333333;1000;1.3333333333333333;FactoryBuilding;IntermediateJewelry;1;Tycoons4;
tycoons\production\fat_factory_tycoons\fat_factory_tycoons.ifo;;;;;;12;100;;;14;6;;;Fat factory;tycoons;;;6;;10165;10164;production;icon_27_164.png;Omega_acids.png;6;;-10;-4;-3;;;-5;-2;-1;;;;;fat_factory;65;Omega acids;2500050;OmegaAcids;1000;120000;0.5;;;;;;;FarmBuilding;IntermediateUranium;250;Tycoons3;
tycoons\production\chemical_plant_tycoons\chemical_plant_tycoons.ifo;;;;12;;20;400;;;15;20;;;Chemical plant;tycoons;;;;;;10166;production;icon_27_165.png;Secret_ingredients.png;20;;-25;-8;-6;;;-12;-4;-3;;;;;chemical_plant;335;Secret ingredients;2500051;SecretIngredient;1000;60000;1.0;OmegaAcids;Algae;1500;1.5;1000;1.0;FactoryBuilding;IntermediatePharmaceuticals;1200;Tycoons4;
tycoons\production\healthcare_office_tycoons\healthcare_office_tycoons.ifo;;;;15;;25;1000;;;20;20;;;Healthcare office;tycoons;;;;;;10168;production;icon_27_167.png;Pharmaceuticals.png;20;;-80;-8;-15;;;-40;-4;-7;;;;;pharmaceutical_factory;1250;Pharmaceuticals;2500028;Pharmaceuticals;1000;60000;1.0;SecretIngredient;RareEarths;1000;1.0;1000;1.0;FactoryBuilding;IntermediatePharmaceuticals;1200;Tycoons4;
tycoons\production\excavator_tycoons\excavator_tycoons.ifo;;;;1;;;50;;;;3;;;Rotary excavator;tycoons;;;;;;10024;production;icon_27_5.png;Coal.png;0;;-10;-5;;;;-5;-2;;;;;;excavator;15;Coal;2500005;Coal;1000;30000;2.0;;;;;;;FarmBuilding;IntermediateTycoons1;1;Tycoons1;
tycoons\production\steel_works\steel_works.ifo;;;;6;;8;400;;;;6;;;Steelworks;tycoons;;;;;;10057;production;icon_27_34.png;Steel.png;20;;-20;-6;-6;;;-10;-3;-3;;;;;steelwork;147;Steel;2500010;Steel;1000;30000;2.0;Iron;;2000;4.0;;;FactoryBuilding;IntermediateTycoons3;1;Tycoons3;
tycoons\production\heavy_arsenal_tycoons\heavy_arsenal_tycoons.ifo;;;;4;;;1000;;;12;8;;;Arsenal;tycoons;;;;;;10081;production;icon_27_55.png;Heavy_weapons.png;20;;-70;-6;-6;;;-35;-3;-3;;;;;heavy_arsenal;497;Heavy weapons;2500063;HeavyWeapons;1000;30000;2.0;Iron;Explosives;2000;4.0;1000;2.0;FactoryBuilding;IntermediateHeavyWeapons;1200;Tycoons3;
tycoons\production\explosive_factory_tycoons\tycoons_explosive_factory.ifo;;;;;;8;600;;;5;6;;;Explosives factory;tycoons;;;;;;10093;production;icon_27_56.png;Explosives.png;20;;-60;-6;-3;;;-30;-3;-1;;;;;explosive_factory;270;Explosives;2500044;Explosives;1000;30000;2.0;Uranium;;500;1.0;;;FactoryBuilding;IntermediateHeavyWeapons;1200;Tycoons3;
tycoons\production\concrete_factory_tycoons\concrete_factory_tycoons.ifo;;;;3;;;250;;;;4;;;Concrete factory;tycoons;;;;;;10148;production;icon_27_151.png;Concrete.png;20;;-10;-4;-4;;;-5;-2;-2;;;;;concrete_factory;72;Concrete;2500016;Concrete;1000;30000;2.0;Sand;Limestone;500;1.0;1000;2.0;FactoryBuilding;IntermediateTycoons2;1;Tycoons2;
tycoons\production\fuel_assembly_factory_tycoons\fuel_assembly_factory_tycoons.ifo;;;;5;;4;600;;;8;14;;;Fuel element factory;tycoons;;;;;;10053;production;icon_27_30.png;Fuel_rods.png;20;;-60;-6;-4;;;-30;-3;-2;;;;;fuel_assembly_factory;685;Fuel rods;2500012;FuleRod;1000;120000;0.5;Uranium;;1000;0.5;;;FactoryBuilding;IntermediateNuclearPower;250;Tycoons3;
others\production\basalt_crusher_others\basalt_crusher_others.ifo;;;;;;;50;;;;1;;;Basalt crusher;tycoons;;;;;;10261;production;icon_27_212.png;Granules.png;0;;-5;-4;-2;;;-2;-2;;;;;;basalt_crusher;12;Granules;2500066;Granulate;1000;40000;1.5;;;;;;;FarmBuilding;IntermediateTycoons;;;
tycoons\production\coal_fired_power_plant_tycoons\coal_fired_power_plant_tycoons.ifo;;;;1;;;350;;;;4;;;Coal power station;tycoons;;;;;;10025;energy;icon_27_12.png;Coal-power-stn-icon.png;20;;-10;-15;;60;;-5;-7;;;;;;coalpowerplant;;;;;;;;;;;;;;FactoryBuilding;IntermediateTycoons1;1;Tycoons1;
tycoons\production\nuclear_power_plant_tycoons\nuclear_power_plant_tycoons.ifo;;;;10;;30;3000;;;36;24;;;Nuclear power plant;tycoons;;;;;;10050;energy;icon_27_21.png;Nuclear-power-icon.png;20;;-100;-10;;500;;-50;-5;;;;;;nuclearpowerplant;;;;;;;;;;;;;;FactoryBuilding;IntermediateNuclearPower;250;Tycoons3;
tycoons\production\nuclear_power_plant_tycoons\nuclear_power_plant_destroyed_tycoons.ifo;;;;;;;;;;;;;;Destroyed Nuclear power plant;tycoons;;;;;;10270;energy;icon_27_21.png;;20;;;-100;;;;;-100;;;;;;nuclearpowerplant_destroyed;;;;;;;;;;;;;;FactoryBuilding;;;;
tycoons\special\ark_tycoons\ark_tycoons.ifo;;;;;;;;;;;;;;Haven;tycoons;;;;;;10084;special;icon_27_35.png;;;;;;;;;;;;;;;;ark_tycoons;;;;;;;;;;;;;;Ark;;;;
tycoons\special\shipyard_tycoons\shipyard_tycoons.ifo;;;;3;;9;400;;;;5;;;Tycoon shipyard;tycoons;;;;;;10096;special;icon_27_58.png;Tycoon-shipyard-icon.png;;0;-10;-6;-10;;;-5;-3;-5;;;;;shipyard_tycoons;;;;;;;;;;;;;;TaskBasedProductionBuilding;IntermediateTVDinner;360;Tycoons2;
tycoons\special\missile_launching_platform_tycoons\missile_launching_platform_tycoons.ifo;;;;50;;36;20000;;20;36;35;;;Missile launch pad;tycoons;;;;;;10113;special;icon_27_88.png;;0;;-500;-50;-50;;;-500;-50;-50;;;100;;missile_launching_platform;;;;;;;;;;;;;;SpecialActionBuilding;IntermediateMissileLaunching;1400;Tycoons4;
tycoons\special\final_storage_tycoons\final_storage_tycoons.ifo;;;;30;;25;5000;;;25;20;;;CO2 reservoir;tycoons;;;;;335;10169;special;icon_27_169.png;Co2-res-icon.png;0;;-160;200;-110;;400;-80;;-55;;;;;final_storage;;;;;;;;;;;;;;FarmBuilding;IntermediateFinalStorage;600;Tycoons4;
tycoons\production\waste_incinerator_tycoons\waste_incinerator_tycoons.ifo;;;;4;;12;800;;;;5;;;Waste compactor;tycoons;;;;;;10170;special;icon_27_170.png;Waste-comp-icon.png;12;;-40;50;-5;;400;-20;;-2;;;;;waste_incinerator;;;;;;;;;;;;;;SimpleProductionBuilding;IntermediateMinistryOfTruth;750;Tycoons2;
tycoons\special\deacidification_station_tycoons\deacidification_station_tycoons.ifo;;;;15;;15;2000;;;10;20;;;Deacidification station;tycoons;;;;;;10267;special;icon_27_11.png;Deacid-stn-icon.png;30;;-80;90;-60;;400;-40;;-30;;;;;deacidification_station;;;;;;;;;;;;;;SimpleProductionBuilding;IntermediateTycoons3;1;Tycoons3;
tycoons\ornaments\depot_tycoons\depot_tycoons.ifo;;;;;;;200;;;;;;;Loading area;tycoons;;;;;;10275;ornaments;icon_30_125.png;;;;-5;;;;;;;;;;;;depot;;;;;;;;;;;;;;OrnamentBuilding;;;;
tycoons\ornaments\supply_tycoons\supply_tycoons_01.ifo;;;;;;;200;;;;;;;Power pole;tycoons;;;;;;10276;ornaments;icon_30_130.png;;;;-5;;;;;;;;;;;;supply_01;;;;;;;;;;;;;;OrnamentBuilding;;;;
tycoons\ornaments\supply_tycoons\supply_tycoons_02.ifo;;;;;;;200;;;;;;;Streetlight;tycoons;;;;;;10277;ornaments;icon_30_131.png;;;;-5;;;;;;;;;;;;supply_02;;;;;;;;;;;;;;OrnamentBuilding;;;;
tycoons\ornaments\supply_tycoons\supply_tycoons_03.ifo;;;;;;;200;;;;;;;Public address system;tycoons;;;;;;10278;ornaments;icon_30_129.png;;;;-5;;;;;;;;;;;;supply_03;;;;;;;;;;;;;;OrnamentBuilding;;;;
tycoons\ornaments\tanks_tycoons\tanks_tycoons_01.ifo;;;;;;;200;;;;;;;Gas tank;tycoons;;;;;;10279;ornaments;icon_30_127.png;;;;-5;;;;;;;;;;;;tanks_01;;;;;;;;;;;;;;OrnamentBuilding;;;;
tycoons\ornaments\tanks_tycoons\tanks_tycoons_02.ifo;;;;;;;200;;;;;;;Silo;tycoons;;;;;;10280;ornaments;icon_30_128.png;;;;-5;;;;;;;;;;;;tanks_02;;;;;;;;;;;;;;OrnamentBuilding;;;;
tycoons\ornaments\tanks_tycoons\tanks_tycoons_03.ifo;;;;;;;200;;;;;;;Double silo;tycoons;;;;;;10281;ornaments;icon_30_126.png;;;;-5;;;;;;;;;;;;tanks_03;;;;;;;;;;;;;;OrnamentBuilding;;;;
tycoons\production\meat_factory_field_tycoons\meat_factory_field_tycoons.ifo;;;;;;;15;;;;;;;Pigsty;tycoons;;;;;;10023;farmfields;icon_27_6.png;;;;;;;;;;;;;;;;meatfactory_field;;;;;;;;;;;;;;FarmfieldObject;IntermediateTVDinner;360;Tycoons2;
tycoons\production\flavor_lab_field_tycoons\flavor_lab_field_tycoons.ifo;;;;;;;20;;;;;;;Vegetable cultivation;tycoons;;;;;;10151;farmfields;icon_27_6.png;;;;;;;;;;;;;;;;flavor_lab_field;;;;;;;;;;;;;;FarmfieldObject;IntermediateTVDinner;360;Tycoons2;
tycoons\production\truffel_farm_field_tycoons\truffel_farm_field_tycoons.ifo;;;;;;;20;;;;;;;Truffle farm field;tycoons;;;;;;10155;farmfields;icon_27_6.png;;;;;;;;;;;;;;;;truffle_farm_field;;;;;;;;;;;;;;FarmfieldObject;IntermediateLuxuryMeal;250;Tycoons3;
tycoons\production\distillery_field_tycoons\distillery_field_tycoons.ifo;;;;;;;5;;;;;;;Rice paddies;tycoons;;;;;;10047;farmfields;icon_27_6.png;;;;;;;;;;;;;;;;distillery_field;;;;;;;;;;;;;;FarmfieldObject;IntermediateLiquor;60;Tycoons1;
tycoons\production\vineyard_field_tycoons\vineyard_field_tycoons.ifo;;;;;;;15;;;;;;;Vineyards;tycoons;;;;;;10236;farmfields;icon_27_6.png;;;;;;;;;;;;;;;;vineyard_field;;;;;;;;;;;;;;FarmfieldObject;IntermediateChampagne;950;Tycoons3;
tycoons\production\fat_factory_field_tycoons\fat_factory_field_tycoons.ifo;;;;;;;10;;;;;;;Slaughterhouse;tycoons;;;;;;10165;farmfields;icon_27_6.png;;;;;;;;;;;;;;;;fat_factory_field;;;;;;;;;;;;;;FarmfieldObject;IntermediatePharmaceuticals;1200;Tycoons4;
ecos\residence\pioneer_residence_ecos_01\pioneer_residence_ecos_01.ifo;;;;2;;;;;;;;;;Worker Barracks;ecos;;;;;;10011;residence;icon_27_70.png;;;;;;;;;;;;;;;8;ecos_pioneer_residence;;;;;;;;;;;;;;ResidenceBuilding;IntermediateEcos;;;
ecos\residence\villager_residence_ecos_01\villager_residence_ecos_01.ifo;;;;2;;;;;;;1;;;Employee House;ecos;;;;;;10013;residence;icon_27_70.png;;;;;;;;;;;;;;;15;ecos_villager_residence;;;;;;;;;;;;;;ResidenceBuilding;IntermediateEcos;;;
ecos\residence\builder residence_ecos_01\builder_residence_ecos_01.ifo;;;;4;;;;;;;3;;3;Engineer Apartments;ecos;;;;;;10119;residence;icon_27_70.png;;;;;;;;;;;;;;;25;ecos_builder_residence;;;;;;;;;;;;;;ResidenceBuilding;IntermediateEcos;;;
ecos\residence\creator_residence_ecos_01\creator_residence_ecos_01.ifo;;;;5;;;;4;;;6;;6;Executive Mansion;ecos;;;;;;10117;residence;icon_27_70.png;;;;;;;;;;;;;;;40;ecos_creator_residence;;;;;;;;;;;;;;ResidenceBuilding;IntermediateEcos;;;
ecos\residence\destroyed_residences_ecos\destroyed_residence_01_ecos.ifo;;;;2;;;;;;;;;;Residence ruins;ecos;;;;;;10222;residence;icon_27_70.png;;;;;;;;;;;;;;;;ecos_ruin_residence;;;;;;;;;;;;;;ResidenceBuilding;IntermediateTycoons;;;
ecos\public\town_center_ecos\town_center_ecos.ifo;;;;5;;;600;;;;3;;;City Center;ecos;;;;;;10229;public;icon_27_26.png;Eco-ctr-icon.png;25;;-10;;-1;;;-10;;-1;;;;;town_center_ecos;;;;;;;;;;;;;;PublicBuilding;;;;
ecos\public\concert_hall_ecos\concert_hall_ecos.ifo;;;;4;;;600;;;;3;;;Concert hall;ecos;;;;;;10171;public;icon_27_146.png;Concert-hall-icon.png;20;;-5;-2;-5;;;-2;;-2;;;;;concert_hall;;;;;;;;;;;;;;PublicBuilding;IntermediateConcertHall;144;Ecos1;
ecos\special\education_network\education_network_ecos.ifo;;;;10;;;800;;;;12;;10;Education Network;ecos;;;;;;10121;public;icon_27_116.png;Education-net-icon.png;26;;-30;-5;-7;;;-15;;-3;;;75;;education_network;;;;;;;;;;;;;;PropagandaBuilding;IntermediateEducationNetwork;750;Ecos2;
ecos\public\congress_center_ecos\congress_center_ecos.ifo;;;;15;;;1200;25;;;12;;15;Congress center;ecos;;;;;;10172;public;icon_27_148.png;Congress-ctr-icon.png;24;;-50;-8;-10;;;-25;;-5;;;;;congress_center;;;;;;;;;;;;;;PublicBuilding;IntermediateCongressCenter;1200;Ecos3;
ecos\public\monument_ecos\monument_unfinished01_ecos.ifo;;;;80;;;50000;36;;;50;;24;Leisure center foundation;ecos;;;;;;10210;public;icon_27_213.png;;40;;-500;-60;-80;;;-250;-30;-40;;;;;monument_unfinished1_ecos;;;;;;;;;;;;;;Monument;IntermediateHomeRobot;1200;Ecos4;
ecos\public\monument_ecos\monument_unfinished02_ecos.ifo;;;;80;;;50000;36;;;50;;24;Leisure center Construction Phase 1;ecos;;;;;;10211;public;icon_27_213.png;;40;;-600;-100;-140;;;-300;-50;-70;;;;;monument_unfinished2_ecos;;;;;;;;;;;;;;Monument;IntermediateHomeRobot;1200;Ecos4;
ecos\public\monument_ecos\monument_unfinished03_ecos.ifo;;;;80;;;50000;36;;;50;;24;Leisure center Construction Phase 2;ecos;;;;;;10212;public;icon_27_213.png;;40;;-750;-140;-200;;;-375;-70;-100;;;;;monument_unfinished3_ecos;;;;;;;;;;;;;;Monument;IntermediateHomeRobot;1200;Ecos4;
ecos\public\monument_ecos\monument_ecos.ifo;;;;80;;;50000;36;;;50;;24;Leisure center;ecos;;;;;;10213;public;icon_27_213.png;;40;;-1000;-40;-300;;;-500;-20;-150;;;;;monument_ecos;;;;;;;;;;;;;;Monument;IntermediateRiverfilterplant;1400;Ecos4;
ecos\production\vegetable_farm_ecos\vegetable_farm_ecos.ifo;;;;2;;;200;;;;2;;3;Farmhouse;ecos;;;5;Vegetables;10019;10012;production;icon_27_2.png;Vegetables.png;7;;-5;-1;-1;;;-2;;;;;;;vegetable_farm;15;Vegetables;2500002;Vegetables;1000;40000;1.5;;;;;;;FarmBuilding;IntermediateHealthFood;360;Ecos2;
ecos\production\soy_farm_ecos\soy_farm_ecos.ifo;;;;1;;;250;;;;3;;2;Rice farm;ecos;;;5;Rice;10175;10174;production;icon_27_194.png;Rice.png;7;;-10;-1;-1;;;-5;;;;;;;rice_farm;12;Rice;2500053;Soy;1000;20000;3.0;;;;;;;FarmBuilding;IntermediateHealthFood;360;Ecos2;
ecos\production\health_food_factory_ecos\health_food_factory_ecos.ifo;;;;2;;;300;;;;2;;4;Health food factory;ecos;;;;;;10176;production;icon_27_134.png;Health_food.png;20;;-15;-3;-2;;;-7;-1;-1;;;;;health_food_factory;52;Health food;2500019;HealthFood;1000;20000;3.0;Soy;Vegetables;1000;3.0;1000;3.0;FactoryBuilding;IntermediateHealthFood;360;Ecos2;
ecos\production\grain_farm_ecos\grain_farm_ecos.ifo;;;;;;;150;4;;;5;;3;Grain farm;ecos;;;4;Grain;10178;10177;production;icon_27_135.png;Durum_wheat.png;9;;-15;-2;-2;;;-7;-1;-1;;;;;grain_farm;85;Durum wheat;2500056;Grain;1000;90000;0.6666666666666666;;;;;;;FarmBuilding;IntermediateComfortFood;250;Ecos3;
ecos\production\water_mill_ecos\water_mill_ecos.ifo;;;;4;;;400;6;;;6;;2;Flour mill;ecos;;;;;;10179;production;icon_27_136.png;Pasta.png;20;;-25;-5;-4;;;-12;-2;-2;;;;;water_mill;145;Pasta;2500057;Flour;1000;30000;2.0;Grain;;1000;2.0;;;FactoryBuilding;IntermediateComfortFood;250;Ecos3;
ecos\production\bakery_ecos\bakery_ecos.ifo;;;;8;;;300;10;;;4;;4;Pasta production;ecos;;;;;;10180;production;icon_27_137.png;Pasta_dishes.png;20;;-20;-4;-2;;;-10;-2;-1;;;;;bakery;245;Pasta dishes;2500018;ComfortFood;1000;60000;1.0;Flour;Vegetables;1000;1.0;1500;1.5;FactoryBuilding;IntermediateComfortFood;250;Ecos3;
ecos\production\tea_plantation\tea_plantation.ifo;;;;2;;;100;;;;1;;;Tea plantation;ecos;;;3;Tea;10049;10048;production;icon_27_19.png;Tea.png;;;-10;;-1;;;-5;;;;;;;tea_plantation;22;Tea;2500006;Tea;1000;40000;1.5;;;;;;;FarmBuilding;IntermediateTea;60;Ecos1;
ecos\production\fruit_plantation_ecos\fruit_plantation_ecos.ifo;;;;;;;300;3;;;5;;5;Fruit plantation;ecos;;;8;Fruits;10182;10181;production;icon_27_138.png;Fruits.png;7;;-15;-1;-1;;;-7;;;;;;;fruit_plantation;82;Fruits;2500054;Fruits;1000;96000;0.625;;;;;;;FarmBuilding;IntermediateHealthDrink;950;Ecos3;
ecos\production\dairy_farm_ecos\dairy_farm_ecos.ifo;;;;;;;400;4;;;3;;6;Dairy farm;ecos;;;7;;10184;10183;production;icon_27_139.png;Milk.png;10;;-20;-4;-2;;;-10;-2;-1;;;;;dairy_farm;57;Milk;2500055;Milk;1000;48000;1.25;;;;;;;FarmBuilding;IntermediateHealthDrink;950;Ecos3;
ecos\production\health_drink_factory_ecos\health_drink_factory_ecos.ifo;;;;6;;;500;8;;;3;;6;Health drink factory;ecos;;;;;;10185;production;icon_27_140.png;Bio_drinks.png;20;;-30;-4;-2;;;-15;-2;-1;;;;;health_drink_factory;237;Bio drinks;2500023;HealthDrink;1000;48000;1.25;Fruits;Milk;1000;1.25;1000;1.25;FactoryBuilding;IntermediateHealthDrink;950;Ecos3;
ecos\production\communicator_factory_ecos\communicator_factory_ecos.ifo;;;;1;;;300;;;;6;;6;Electronics factory;ecos;;;;;;10186;production;icon_27_141.png;Communicator.png;20;;-20;-4;-4;;;-10;-2;-2;;;;;communicator_factory;97;Communicator;2500029;Communicator;1000;30000;2.0;Microchips;;1000;2.0;;;FactoryBuilding;IntermediateCommunicator;600;Ecos2;
ecos\production\holograph_factory_ecos\holograph_factory_ecos.ifo;;;;8;;;700;8;;;10;;12;Beamer plant;ecos;;;;;;10187;production;icon_27_142.png;3D_Projector.png;20;;-50;-12;-25;;;-25;-6;-12;;;;;holograph_factory;645;3D Projector;2500030;Holographer;1000;40000;1.5;RareEarths;Diamonds;500;0.75;500;0.75;FactoryBuilding;IntermediateHolographer;1;Ecos4;
ecos\production\corn_farm_ecos\corn_farm_ecos.ifo;;;;4;;;500;6;;;6;;8;Corn farm;ecos;;;9;Corn;10189;10188;production;icon_27_143.png;Corn.png;9;;-50;-2;-4;;;-25;-1;-2;;;;;corn_farm;372;Corn;2500058;Corn;1000;120000;0.5;;;;;;;FarmBuilding;IntermediateHomeRobot;1200;Ecos4;
ecos\production\biopolymer_factory_ecos\biopolymer_factory_ecos.ifo;;;;8;;;1000;8;;;10;;12;Biopolymer factory;ecos;;;;;;10190;production;icon_27_144.png;Biopolymers.png;20;;-70;-8;-15;;;-35;-4;-7;;;;;biopolymer_factory;860;Biopolymers;2500059;Biopolymer;1000;60000;1.0;Corn;Algae;1000;1.0;1000;1.0;FactoryBuilding;IntermediateHomeRobot;1200;Ecos4;
ecos\production\robot_factory_ecos\robot_factory_ecos.ifo;;;;12;;;1200;16;;;12;;18;Robot factory;ecos;;;;;;10191;production;icon_27_145.png;Service_bots.png;20;;-90;-8;-25;;;-45;-4;-12;;;;;robot_factory;1372;Service bots;2500031;HomeRobot;1000;60000;1.0;Microchips;Biopolymer;1000;1.0;1000;1.0;FactoryBuilding;IntermediateHomeRobot;1200;Ecos4;
ecos\production\tree_farm_ecos\tree_farm_ecos.ifo;;;;1;;;250;;;;4;;;Tree nursery;ecos;;;0;Wood;40;10027;production;icon_27_9.png;Nursery-icon.png;;;-10;;-2;;;-5;;-1;;;;;treefarm;;;;;;;;;;;;;;FarmBuilding;IntermediateEcos2;1;Ecos2;
others\production\saw_mill_others\saw_mill_others.ifo;;;;1;;;400;;;;2;;;Sawmill;ecos;;;;Wood;40;10037;production;icon_27_0.png;Wood.png;6;;-5;-3;-2;;;;-1;-1;;;;;saw_mill;22;Wood;2500000;Wood;1000;45000;1.3333333333333333;;;;;;;FarmBuilding;IntermediateEcos2;1;Ecos2;
ecos\production\glassworks_ecos\glassworks_ecos.ifo;;;;4;;;400;;;;5;;5;Glassworks;ecos;;;;;;10114;production;icon_27_89.png;Glass.png;20;;-60;-6;-3;;;-30;-3;-1;;;;;glassworks;160;Glass;2500015;Glass;1000;30000;2.0;Sand;Limestone;500;1.0;1000;2.0;FactoryBuilding;IntermediateEcos3;1;Ecos3;
ecos\production\debris_recycler_ecos\debris_recycler_ecos.ifo;;;;;;;100;;;;1;;;Basalt extraction;ecos;;;2;;10268;10102;production;icon_27_212.png;;;;-5;;-1;;;-2;;;;;;;rubble_recycler;12;Granules;2500066;Granulate;1000;40000;1.5;;;;;;;FarmBuilding;IntermediateEcos;;;
ecos\production\windpark_ecos\windpark_ecos.ifo;;;;1;;;120;;;;1;;;Wind park;ecos;;;;;;10029;energy;icon_27_83.png;Wind-park-icon.png;21;;-25;;;15;;-12;;;;;;;wind_park;;;;;;;;;;;;;;LinkedObjectProductionBuilding;IntermediateEcos1;1;Ecos1;
ecos\production\offshore_windpark_ecos\offshore_windpark_ecos.ifo;;;;7;;;300;4;;;4;;;Offshore wind park;ecos;;;;;;10082;energy;icon_27_52.png;Offshore-wind-icon.png;10;;-50;;;30;;-25;;;;;;;offshore_wind_park;;;;;;;;;;;;;;LinkedObjectProductionBuilding;IntermediateHealthDrink;950;Ecos3;
ecos\production\cogeneration_power_station_ecos\cogeneration_power_station_ecos.ifo;;;;6;;;300;;;;6;;8;Thermal power station;ecos;;;;;;10173;energy;icon_27_74.png;Thermal-power-icon.png;10;;-65;;;70;;-32;;;;;;;cogeneration_power_station;;;;;;;;;;;;;;SimpleProductionBuilding;IntermediateEducationNetwork;750;Ecos2;
ecos\production\solar_tower_ecos\solar_tower_ecos.ifo;;;;15;;;2000;30;;;20;;30;Solar tower generator;ecos;;;4;;10071;10070;energy;icon_27_48.png;Solar-power-icon.png;14;;-120;;;120;;-60;;;;;;;solar_tower;;;;;;;;;;;;;;FarmBuilding;IntermediateSolarTower;600;Ecos4;
ecos\production\solar_tower_field_ecos\solar_tower_field_ecos.ifo;;;;;;;500;;;;;;;Solar mirrors;ecos;;;;;;10071;energy;icon_27_48.png;;;;;;;;;;;;;;;;solar_tower_field;;;;;;;;;;;;;;FarmfieldLinkedObject;IntermediateSolarTower;600;Ecos4;
ecos\special\monitoring_station_ecos\monitoring_station_ecos.ifo;;;;6;;;1000;10;;;10;;10;Monitoring station;ecos;;;;;335;10192;special;icon_27_149.png;Monitor-stn-icon.png;0;;-40;40;-25;;400;-20;;-12;;;;;monitoring_station;;;;;;;;;;;;;;FarmBuilding;IntermediateCongressCenter;1200;Ecos3;
ecos\special\weather_control_base_ecos\weather_control_base_ecos.ifo;;;;3;;;400;;;;3;;2;Weather control station;ecos;;;;;;10193;special;icon_27_150.png;Weather-stn-icon.png;30;;-20;15;-2;;400;-10;;-1;;;;;weather_control_base;;;;;;;;;;;;;;SimpleProductionBuilding;IntermediateHealthFood;360;Ecos2;
ecos\special\river_filter_plant_ecos\river_filter_plant_ecos.ifo;;;;;;;10000;12;;;2;;12;River sewage treatment plant;ecos;;;0;;350;10123;special;icon_27_115.png;River-treatment-icon.png;0;;-200;300;-250;;400;-100;;-120;;;;;river_filter_plant;;;;;;;;;;;;;;FarmBuilding;IntermediateRiverfilterplant;1400;Ecos4;
ecos\special\ozone_maker_building_ecos\ozone_maker_building_ecos.ifo;;;;20;;;3000;20;;;30;;12;Ozone Maker station;ecos;;;;;;10061;special;icon_27_44.png;Ozone-maker-icon.png;12;;-120;100;-60;;400;-60;;-30;;;;;ozone_maker_base;;;;;;;;;;;;;;SimpleProductionBuilding;IntermediateOzonemaker;1;Ecos4;
ecos\special\shield_generator_ecos\shield_generator_ecos.ifo;;;;;;;1000;10;;;5;;15;Shield generator;ecos;;;;;;10089;special;icon_27_87.png;Shield-gen-icon.png;20;;-15;;-30;;;-15;;-15;;90000;75;;mobile_shield_generator;;;;;;;;;;;;;;MobilePropagandaBuilding;IntermediateHomeRobot;1200;Ecos4;
ecos\special\shipyard_ecos\shipyard_ecos.ifo;;;;4;;;800;;;;5;;7;Shipyard;ecos;;;;;;10094;special;icon_27_59.png;;;;-20;-4;-10;;;-10;-2;-5;;;;;shipyard_ecos;;;;;;;;;;;;;;TaskBasedProductionBuilding;IntermediateHealthFood;360;Ecos2;
ecos\special\ark_base_ecos\ark_base_ecos.ifo;;;;;;;;;;;;;;Biosphere;ecos;;;;;;10095;special;icon_27_35.png;;;;;;;;;;;;;;;;ark_ecos;;;;;;;;;;;;;;Ark;;;;
ecos\special\anti_aircraft_site_ecos\anti_aircraft_site_ecos.ifo;;;;5;;;700;;;;3;6;;Flak;ecos;;;;;;10099;special;icon_27_114.png;Flak-icon.png;;;-20;;-10;;;;;-5;;45000;;;anti_aircraft_site;;;;;;;;;;;;;;MobileMilitaryTurret;IntermediateDisease;1;Tycoons3;
ecos\ornaments\eden_line_green_house_ecos\eden_line_green_house_ecos.ifo;;;;;;;400;;;;;;;Tool shed;ecos;;;;;;10272;ornaments;icon_30_151.png;;;;-10;;;;;;;;;;;;eden_line_green_house;;;;;;;;;;;;;;OrnamentBuilding;;;;
ecos\ornaments\eden_line_plaza_ecos\eden_line_plaza_ecos.ifo;;;;;;;400;;;;;;;Plaza;ecos;;;;;;10273;ornaments;icon_30_152.png;;;;-10;;;;;;;;;;;;eden_line_plaza;;;;;;;;;;;;;;OrnamentBuilding;;;;
ecos\ornaments\eden_line_rainwater_depot_ecos\eden_line_rainwater_depot_ecos.ifo;;;;;;;400;;;;;;;Rain water tank;ecos;;;;;;10274;ornaments;icon_30_153.png;;;;-10;;;;;;;;;;;;eden_line_rainwater_depot;;;;;;;;;;;;;;OrnamentBuilding;;;;
ecos\production\vegetable_farm_field_ecos\vegetable_farm_field_ecos.ifo;;;;;;;10;;;;;;;Farm field;ecos;;;;;;10019;farmfields;icon_27_6.png;;;;;;;;;;;;;;;;vegetable_farm_field;;;;;;;;;;;;;;FarmfieldObject;IntermediateHealthFood;360;Ecos2;
ecos\production\soy_farm_ecos_field\soy_farm_field_ecos.ifo;;;;;;;15;;;;;;;Rice paddies;ecos;;;;;;10175;farmfields;icon_27_6.png;;;;;;;;;;;;;;;;rice_farm_field;;;;;;;;;;;;;;FarmfieldObject;IntermediateHealthFood;360;Ecos2;
ecos\production\grain_farm_field_ecos\grain_farm_field_ecos.ifo;;;;;;;30;;;;;;;Grain farm field;ecos;;;;;;10178;farmfields;icon_27_6.png;;;;;;;;;;;;;;;;grain_farm_field;;;;;;;;;;;;;;FarmfieldObject;IntermediateComfortFood;250;Ecos3;
ecos\production\tea_plantation_field_ecos\tea_plantation_field_ecos.ifo;;;;;;;5;;;;;;;Tea field;ecos;;;;;;10049;farmfields;icon_27_6.png;;;;;;;;;;;;;;;;tea_plantation_field;;;;;;;;;;;;;;FarmfieldObject;IntermediateTea;60;Ecos1;
ecos\production\fruit_plantation_field_ecos\fruit_plantation_field_ecos.ifo;;;;;;;20;;;;;;;Fruit plantation field;ecos;;;;;;10182;farmfields;icon_27_6.png;;;;;;;;;;;;;;;;fruit_plantation_field;;;;;;;;;;;;;;FarmfieldObject;IntermediateHealthDrink;950;Ecos3;
ecos\production\dairy_farm_field_ecos\dairy_farm_field_ecos.ifo;;;;;;;25;;;;;;;Dairy farm field;ecos;;;;;;10184;farmfields;icon_27_6.png;;;;;;;;;;;;;;;;dairy_farm_field;;;;;;;;;;;;;;FarmfieldObject;IntermediateHealthDrink;950;Ecos3;
ecos\production\corn_farm_field_ecos\corn_farm_field_ecos.ifo;;;;;;;30;;;;;;;Corn farm field;ecos;;;;;;10189;farmfields;icon_27_6.png;;;;;;;;;;;;;;;;corn_farm_field;;;;;;;;;;;;;;FarmfieldObject;IntermediateHomeRobot;1200;Ecos4;
ecos\production\debris_recycler_field_ecos\debris_recycler_field_ecos.ifo;;;;;;;10;;;;;;;Basalt quarry;ecos;;;;;;10268;farmfields;icon_27_6.png;;;;;;;;;;;;;;;;rubble_recycler_field;;;;;;;;;;;;;;FarmfieldObject;IntermediateEcos;;;
techs\residence\scientist_residence_techs_01\scientist_residence_techs_01.ifo;;;;3;;;;;;;2;;;Assitants' domicile;techs;;;;;;10088;residence;icon_27_72.png;;;;;;;;;;;;;;;5;techs_scientist_residence;;;;;;;;;;;;;;ResidenceBuilding;IntermediateTechs;;;
techs\residence\genius_residence_techs_01\genius_residence_techs_01.ifo;;;;4;4;;;;;;6;;;Researchers' apartment;techs;;;;;;10209;residence;icon_27_72.png;;;;;;;;;;;;;;;30;techs_genius_residence;;;;;;;;;;;;;;ResidenceBuilding;IntermediateTechs;;;
techs\residence\destroyed_residences_techs\scientist_residence_01_destroyed_techs.ifo;;;;3;;;;;;;4;;;Residence ruins;techs;;;;;;10223;residence;icon_27_72.png;;;;;;;;;;;;;;;;techs_ruin_residence;;;;;;;;;;;;;;ResidenceBuilding;IntermediateTycoons;;;
techs\special\laboratory_techs\tech_laboratory.ifo;;;;5;10;;5000;;;;5;;;Laboratory;techs;;;;;;10077;public;icon_27_49.png;Lab-icon.png;14;;-40;-8;-10;;;-20;-4;-5;;;;;techs_laboratory;;;;;;;;;;;;;;AcademyBuilding;IntermediateLaboratory;150;Techs1;
techs\public\town_center_techs\town_center_techs.ifo;;;;5;;;2000;;;;3;;;City Center;techs;;;;;;10256;public;icon_27_217.png;Tech-ctr-icon.png;22;;-5;;-1;;;-2;;-1;;;;;town_center_techs;;;;;;;;;;;;;;PublicBuilding;;;;
techs\special\broadcasting_station_techs\broadcasting_station_techs.ifo;;;;10;15;;3000;;;;15;;;Information center;techs;;;;;;10126;public;icon_27_174.png;Info-ctr-icon.png;26;;-15;;-10;;;-7;;-5;;;75;;broadcasting_station;;;;;;;;;;;;;;PropagandaBuilding;IntermediateBroadcastingStation;600;Techs2;
techs\production\algae_farm_techs\algae_farm_techs.ifo;;;;6;;;500;;;;2;;;Aquafarm;techs;;;6;Algae;10032;10031;production;icon_27_31.png;Algae.png;7;;-40;;-3;;;-20;;-1;;;;;algae_farm;135;Algae;2500013;Algae;1000;60000;1.0;;;;;;;FarmBuilding;IntermediateFunctionalFood;50;Techs1;
techs\production\functional_food_factory_techs\functional_food_factory_techs.ifo;;;;8;;;600;;;;4;;;Functional food factory;techs;;;;;;10194;production;icon_27_171.png;Functional_food.png;15;;-40;;-6;;;-20;;-3;;;;;functional_food_factory;285;Functional food;2500022;FunctionalFood;1000;60000;1.0;Algae;;1000;1.0;;;FactoryBuilding;IntermediateFunctionalFood;50;Techs1;
techs\production\coffee_plantation_techs\coffee_plantation_techs.ifo;;;;6;3;;500;;;;4;;;Coffee plantation;techs;;;6;Coffee;10196;10195;production;icon_27_172.png;Caffeine.png;;;-40;-3;-3;;;-20;-1;-1;;;;;coffee_plantation;100;Caffeine;2500060;Caffeine;1000;48000;1.25;;;;;;;FarmBuilding;IntermediateEnergyDrink;100;Techs1;
techs\production\energy_drink_factory_techs\energy_drink_factory_techs.ifo;;;;8;8;;500;;;;6;;;Energy drink factory;techs;;;;;;10197;production;icon_27_173.png;Functional_drinks.png;20;;-60;-4;-6;;;-30;-2;-3;;;;;energy_drink_factory;352;Functional drinks;2500025;EnergyDrink;1000;48000;1.25;Caffeine;Sugar;1000;1.25;1000;1.25;FactoryBuilding;IntermediateEnergyDrink;100;Techs1;
techs\production\fuel_factory_techs\techs_fuel_factory.ifo;;;;12;10;;500;;;;8;;;Fuel factory;techs;;;;;;10086;production;icon_27_47.png;Kerosene.png;20;;-40;-6;-6;;;-20;-3;-3;;;;;fuel_factory;177;Kerosene;2500061;Kerosene;1000;30000;2.0;Oil;;1000;2.0;;;FactoryBuilding;IntermediateAirport;100;Techs1;
techs\production\advanced_arsenal_techs\advanced_arsenal_techs.ifo;;;;6;6;;2000;;;;6;;;High-tech weapons factory;techs;;;;;;10100;production;icon_27_54.png;High-tech_weapons.png;20;;-50;-8;-8;;;-25;-4;-4;;;;;advanced_arsenal;342;High-tech weapons;2500064;AdvancedWeapons;1000;45000;1.3333333333333333;Iron;Microchips;1500;2.0;3000;4.0;FactoryBuilding;IntermediateAdvancedWeapons;1;Techs2;
techs\production\debris_extractor_techs\debris_extractor_techs.ifo;;;;;8;;1000;;;;6;;;Underwater Recycling Station;techs;;;;;344;10108;production;icon_27_211.png;Building_modules.png;0;;-60;;-4;;;-30;;-2;;;;;recycling_station;27;Building modules;2500014;BuildingModules;1000;20000;3.0;;;;;;;FarmBuilding;IntermediateRubbleMine;750;Techs2;
techs\production\carbon_factory_techs\carbon_factory_techs.ifo;;;;8;;;1500;;;;5;;;Carbon factory;techs;;;;;;10112;production;icon_27_73.png;Carbon.png;20;;-40;-6;-6;;;-20;-3;-3;;;;;carbon_factory;287;Carbon;2500017;Carbon;1000;45000;1.3333333333333333;Coal;Oil;1500;2.0;1500;2.0;FactoryBuilding;IntermediateTechs;;;
techs\production\sea_current_turbine_techs\sea_current_turbine_techs.ifo;;;;12;;;1000;;;;5;;;Marine current power plant;techs;;;;;;10010;energy;icon_27_85.png;;0;;-40;;;25;;-20;;;;;;;sea_current_turbine;;;;;;;;;;;;;;LinkedObjectProductionBuilding;IntermediateTechs;;;
techs\production\hydroelectric_powerplant_techs\dam_center.ifo;;;;30;15;;8000;;;;25;;;Hydroelectric power plant;techs;;;0;;345;10087;energy;icon_27_62.png;Hydro-dam-icon.png;0;;-140;-10;;500;;-70;-5;;;;;;hydroelectric_powerplant;;;;;;;;;;;;;;FarmBuilding;IntermediateBlackSmoker;750;Techs2;
techs\special\academy_techs\academy_techs.ifo;;;;15;20;;10000;;;;12;;;Academy;techs;;;;;;10078;special;icon_27_50.png;Academy-icon.png;20;;-100;-12;-7;;;-50;-6;-3;;;;;techs_academy;;;;;;;;;;;;;;AcademyBuilding;IntermediateAcademy;1;Techs2;
techs\special\submarine_base_techs\submarine_base_techs.ifo;;;;10;8;;1000;;;;8;;;Submarine base;techs;;;;;;10079;special;icon_27_60.png;;;;-30;-6;-15;;;-15;-3;-7;;;;;techs_submarine_base;;;;;;;;;;;;;;TaskBasedProductionBuilding;IntermediateFunctionalFood;50;Techs1;
techs\special\ark_techs\ark_techs.ifo;;;;;;;;;;;;;;Vortex;techs;;;;;;10122;special;icon_27_35.png;;;;;;;;;;;;;;;;ark_techs;;;;;;;;;;;;;;Ark;;;;
techs\special\ark_father_techs\ark_father_techs.ifo;;;;;;;;;;;;;;F.A.T.H.E.R. 1.0;techs;;;;;;10264;special;;;;;;;;;;;;;;;;;ark_father_techs;;;;;;;;;;;;;;Ark;;;;
techs\special\underwater_defence_battery_techs\underwater_defence_battery_techs.ifo;;;;8;3;;500;;;;3;3;;Offshore defense;techs;;;;;;10125;special;icon_27_176.png;Offshore-def-icon.png;0;;-40;;-4;;;-20;;-2;;45000;75;;underwater_defence_battery;;;;;;;;;;;;;;MilitaryBuilding;IntermediateFunctionalFood;50;Techs1;
techs\special\airport_techs\airport_techs.ifo;;;;10;12;;1500;;;;12;;;Airport;techs;;;;;;10127;special;icon_27_177.png;Airport-icon.png;;;-60;-10;-10;;;-30;-5;-5;;;;;airport;;;;;;;;;;;;;;AirportBuilding;IntermediateAirport;100;Techs1;
techs\production\algae_farm_field_techs\algae_farm_field_techs_algae.ifo;;;;;;;150;;;;;;;Algae farm field;techs;;;;;;10032;farmfields;icon_27_6.png;;;;;;;;;;;;;;;;algaefarm_field;;;;;;;;;;;;;;FarmfieldObject;IntermediateFunctionalFood;50;Techs1;
techs\production\coffee_plantation_field_techs\coffee_plantation_field_techs.ifo;;;;;;;75;;;;;;;Coffee plantation field;techs;;;;;;10196;farmfields;icon_27_6.png;;;;;;;;;;;;;;;;coffee_plantation_field;;;;;;;;;;;;;;FarmfieldObject;IntermediateEnergyDrink;100;Techs1;
others\production\fishery_others\fishery_others.ifo;;;;1;;;100;;;;2;;;Fishery;others;;;;;;10045;production;icon_27_4.png;Fish.png;0;;-5;;-1;;;-2;;;;;;;fishery;10;Fish;2500004;Fish;1000;30000;2.0;;;;;;;FarmBuilding;Intermediate1;1;Tycoons1;
others\production\sugar_beet_plantation_others\sugar_beet_plantation_others.ifo;;;;7;;;500;;;;8;;;Sugar beet plantation;others;;;7;SugarBeet;10199;10198;production;icon_27_181.png;Sugar.png;7;;-30;-2;-3;;;-15;-1;-1;;;;;sugar_beet_plantation;75;Sugar;2500038;Sugar;1000;48000;1.25;;;;;;;FarmBuilding;IntermediateSugar;950;Tycoons3;
others\production\iron_mine_others\iron_mine_others.ifo;;;;2;;;600;;;;4;;;Iron ore mine;others;;;;;335;10054;production;icon_27_17.png;Iron_Ore.png;0;;-10;-2;-2;;;-5;-1;-1;;;;;iron_mine;20;Iron Ore;2500008;IronOre;1000;30000;2.0;;;;;;;FarmBuilding;IntermediateTools;1;Tycoons2;
others\production\iron_smeltery_others\iron_smeltery_others.ifo;;;;2;;;400;;;;4;;;Iron smelter;others;;;;;;10055;production;icon_27_29.png;Iron.png;20;;-10;-3;-2;;;-5;-1;-1;;;;;iron_smeltery;57;Iron;2500009;Iron;1000;30000;2.0;Coal;IronOre;1000;2.0;1000;2.0;FactoryBuilding;IntermediateTools;1;Tycoons2;
others\production\tool_factory_others\tool_factory_others.ifo;;;;2;;;500;;;;3;;;Tools workshop;others;;;;;;10056;production;icon_27_1.png;Tools.png;20;;-10;-4;-3;;;-5;-2;-1;;;;;tool_factory;50;Tools;2500001;Tools;1000;30000;2.0;Iron;;500;1.0;;;FactoryBuilding;IntermediateTools;1;Tycoons2;
others\production\coal_mine_others\coal_mine_others.ifo;;;;2;;;600;;;;2;;;Coal mine;others;;;;;335;10098;production;icon_27_5.png;;0;;-15;-2;-2;;;-7;-1;-1;;;;;coal_mine;15;Coal;2500005;Coal;1000;15000;4.0;;;;;;;FarmBuilding;IntermediateTools;1;Tycoons2;
others\production\copper_mine_others\copper_mine_others.ifo;;;;1;;;750;;;;4;;;Copper mine;others;;;;;335;10200;production;icon_27_182.png;Copper.png;0;;-15;-2;-2;;;-7;-1;-1;;;;;copper_mine;12;Copper;2500032;Copper;1000;15000;4.0;;;;;;;FarmBuilding;IntermediateChips;1;Techs2;
others\production\uranium_mine_others\uranium_mine_others.ifo;;;;7;;8;1000;;;2;12;;;Uranium mine;others;;;;;335;10052;production;icon_27_22.png;Uranium.png;0;;-50;-6;-4;;;-25;-3;-2;;;;;uranium_mine;312;Uranium;2500011;Uranium;1000;120000;0.5;;;;;;;FarmBuilding;IntermediateUranium;250;Tycoons3;
others\production\sand_extractor_others\sand_extractor_others.ifo;;;;2;;;200;;;;4;;;Sand extractor;others;;;;;350;10080;production;icon_27_63.png;Sand.png;0;;-20;-2;-2;;;-10;-1;-1;;;;;sand_extractor;20;Sand;2500034;Sand;1000;20000;3.0;;;;;;;FarmBuilding;IntermediateSand;1;Tycoons2;
others\production\limestone_quarry_others\limestone_quarry_others.ifo;;;;4;;;300;;;;4;;;Limestone quarry;others;;;;;335;10083;production;icon_27_61.png;Limestone.png;0;;-20;-2;-2;;;-10;-1;-1;;;;;limestone_quarry;35;Limestone;2500033;Limestone;1000;30000;2.0;;;;;;;FarmBuilding;IntermediateLimestone;1;Tycoons2;
others\production\chip_factory_others\chip_factory_others.ifo;;;;1;;;500;;;;6;;;Chip factory;others;;;;;;10201;production;icon_27_183.png;Microchips.png;20;;-10;-4;-2;;;-5;-2;-1;;;;;chip_factory;42;Microchips;2500037;Microchips;1000;30000;2.0;Sand;Copper;500;1.0;1000;2.0;FactoryBuilding;IntermediateChips;1;Techs2;
others\production\arsenal_others\arsenal_others.ifo;;;;4;;;1000;;;;6;;;Munitions factory;others;;;;;;10120;production;icon_27_53.png;Weapons.png;20;;-30;-4;-4;;;-15;-2;-2;;;;;arsenal;100;Weapons;2500062;Weapons;1000;30000;2.0;Iron;;1000;2.0;;;FactoryBuilding;IntermediateWeapons;750;Tycoons2;
others\production\oil_rig_others\oil_rig_others.ifo;;;;18;;;3000;;;;12;;;Oil rig;others;;;;;349;10075;production;icon_27_124.png;;0;;-50;;-20;;;-25;;-10;;;;;oilrig;50;Crude oil;2500035;RawOil;1000;20000;3.0;;;;;;;FarmBuilding;IntermediateOil;600;Tycoons2;
others\production\oil_refinery_others\oil_refinery_others.ifo;;;;2;;;400;;;;6;;;Oil refinery;others;;;;;;10092;production;icon_27_51.png;Oil.png;20;;-15;-4;-2;;;-7;-2;-1;;;;;oil_refinery;117;Oil;2500036;Oil;1000;30000;2.0;RawOil;;1500;3.0;;;FactoryBuilding;IntermediateOil;600;Tycoons2;
others\production\manganese_miner_field_others\manganese_miner_field_others.ifo;;;;12;;;1000;;;;6;;;Manganese Excavation Robot;others;;;;;;10220;production;icon_27_210.png;Manganese_nodules.png;0;;-40;;-8;;;-20;;-4;;;;;manganese_miner;120;Manganese nodules;2500065;ManganeseNodules;1000;45000;1.3333333333333333;;;;;;;FarmBuilding;IntermediateMangan;1200;Tycoons4;
others\production\manganese_harvesting_station_others\manganese_harvesting_station_others.ifo;;;;15;;;1500;;;;12;;;Rare-earth borer;others;;;;;;10202;production;icon_27_184.png;Rare-earth_elements.png;15;;-60;;-7;;;-30;;-3;;;;;manganese_harvesting_station;442;Rare-earth elements;2500039;RareEarths;1000;90000;0.6666666666666666;ManganeseNodules;;1000;0.6666666666666666;;;FactoryBuilding;IntermediateMangan;1200;Tycoons4;
others\production\diamond_harvesting_station_others\diamond_harvesting_station_others.ifo;;;;20;;;2000;;;;12;;;Diamond harvesting station;others;;;8;Diamonds;10226;10204;production;icon_27_186.png;Diamonds.png;;;-60;;-10;;;-30;;-5;;;;;diamond_harvesting_station;175;Diamonds;2500041;Diamonds;1000;45000;1.3333333333333333;;;;;;;FarmBuilding;IntermediateDiamond;1;Tycoons4;
others\production\black_smoker_miner_others\black_smoker_miner_others.ifo;;;;50;;;4000;;;;30;;;Metal converter;others;;;;;;10239;production;icon_27_187.png;Metal-converter-icon.png;0;;-100;;-25;;;;;-12;;;;;black_smoker_miner;72;Gold nuggets;2500048;GoldNuggets;1000;20000;3.0;;;;;;;FarmBuilding;IntermediateBlackSmoker;750;Techs2;
others\production\black_smoker_miner_others\black_smoker_miner_others.ifo;;;;50;;;4000;;;;30;;;Gold Metal converter;others;;;;;;10206;production;icon_27_187.png;;0;;-150;;-25;;;;;-12;;;;;black_smoker_miner_gold;72;Gold nuggets;2500048;GoldNuggets;1000;40000;1.5;;;;;;;FarmBuilding;IntermediateBlackSmoker;750;Techs2;
others\production\black_smoker_miner_others\black_smoker_miner_others.ifo;;;;50;;;4000;;;;30;;;Copper Metal converter;others;;;;;;10207;production;icon_27_187.png;;0;;-100;;-25;;;;;-12;;;;;black_smoker_miner_copper;12;Copper;2500032;Copper;1000;15000;4.0;;;;;;;FarmBuilding;IntermediateBlackSmoker;750;Techs2;
others\production\black_smoker_miner_others\black_smoker_miner_others.ifo;;;;50;;;4000;;;;30;;;Uranium Metal converter;others;;;;;;10208;production;icon_27_187.png;;0;;-200;;-25;;;;;-12;;;;;black_smoker_miner_uranium;312;Uranium;2500011;Uranium;1000;20000;3.0;;;;;;;FarmBuilding;IntermediateBlackSmoker;750;Techs2;
others\production\black_smoker_miner_others\black_smoker_miner_others.ifo;;;;50;;;4000;;;;30;;;Iron Metal converter;others;;;;;;10269;production;icon_27_187.png;;0;;-100;;-25;;;;;-12;;;;;black_smoker_miner_iron;20;Iron Ore;2500008;IronOre;1000;20000;3.0;;;;;;;FarmBuilding;IntermediateBlackSmoker;750;Techs2;
others\production\smelting_works_others\smelting_works_others.ifo;;;;;;;50;;;;2;;;Smelter;others;;;;;;10262;production;icon_27_69.png;;20;;-5;;-1;;;-2;;;;;;;smelting_works;27;Building modules;2500014;BuildingModules;1000;40000;1.5;Granulate;;1000;1.5;;;FactoryBuilding;;;;
others\public\warehouse_others_01\warehouse_others_01.ifo;;;;3;;;300;;;;2;;;Warehouse;others;;;;;;10035;public;icon_27_25.png;Warehouse-icon.png;28;;-10;;;6;;-10;;;6;;;;warehouse;;;;;;;;;;;;;;WarehouseWithGuns;;;;
others\public\warehouse_others_02\warehouse_others_02.ifo;;;;8;;;500;;;;6;;;Warehouse;others;;;;;;10063;public;icon_27_25.png;;28;;-20;;;6;;-20;;;6;;;;warehouse2;;;;;;;;;;;;;;WarehouseWithGuns;Intermediate2;1;Tycoons2;
others\public\warehouse_others_03\warehouse_others_03.ifo;;;;10;;;1000;;;;12;;;Warehouse;others;;;;;;10064;public;icon_27_25.png;;28;;-30;;;6;;-30;;;6;;;;warehouse3;;;;;;;;;;;;;;WarehouseWithGuns;Intermediate3;1;Tycoons3;
others\public\markethouse_01_others\markethouse_01_others.ifo;;;;1;;;300;;;;3;;;Depot;others;;;;;;10001;public;icon_27_10.png;Depot_icon.png;20;;-5;;-1;;;-5;;-1;;;;;markethouse;;;;;;;;;;;;;;Markethouse;;;;
others\public\markethouse_02_others\markethouse_02_others.ifo;;;;2;;;400;;;;5;;;Depot;others;;;;;;10065;public;icon_27_10.png;;20;;-10;;-1;;;-10;;-1;;;;;markethouse2;;;;;;;;;;;;;;Markethouse;Intermediate2;1;Tycoons2;
others\public\markethouse_03_others\markethouse_others_03.ifo;;;;4;;;500;;;;10;;;Depot;others;;;;;;10066;public;icon_27_10.png;;20;;-15;;-1;;;-15;;-1;;;;;markethouse3;;;;;;;;;;;;;;Markethouse;Intermediate3;1;Tycoons3;
others\public\underwater_warehouse_others_01\underwater_warehouse_others_01.ifo;;;;8;;;600;;;;4;;;Deep sea warehouse;others;;;;;;10033;public;icon_27_25.png;Underwater-ware-icon.png;15;;-60;;;8;;-30;;;8;;;;underwater warehouse;;;;;;;;;;;;;;WarehouseWithGuns;;;;
others\public\underwater_warehouse_others_02\underwater_warehouse_others_02.ifo;;;;12;;;800;;;;6;;;Deep sea warehouse;others;;;;;;10067;public;icon_27_25.png;;15;;-75;;;8;;-37;;;8;;;;underwater warehouse2;;;;;;;;;;;;;;WarehouseWithGuns;Intermediate2;1;Tycoons2;
others\public\underwater_warehouse_others_03\underwater_warehouse_others_03.ifo;;;;14;2;;1000;;;;8;;;Deep sea warehouse;others;;;;;;10237;public;icon_27_25.png;;15;;-85;;;8;;-42;;;8;;;;underwater warehouse3;;;;;;;;;;;;;;WarehouseWithGuns;Intermediate2;1;Tycoons2;
others\public\underwater_markethouse_01_others\underwater_markethouse_01_others.ifo;;;;8;;;500;;;;4;;;Underwater warehouse;others;;;;;;10238;public;icon_27_24.png;;15;;-40;;-3;;;-20;;-1;;;;;underwater markethouse;;;;;;;;;;;;;;WarehouseWithGuns;Intermediate2;1;Tycoons2;
others\special\ark_others\ark_others.ifo;;;;;;;;;;;;;;Standard model;others;;;;;;10034;special;icon_27_35.png;;;;;;;;;;;;;;;;ark;;;;;;;;;;;;;;Ark;;;;
others\special\hospital_others\hospital_others.ifo;;;;7;;;500;;;;6;;;Hospital;others;;;;;;10128;special;icon_27_113.png;Hospital-icon.png;22;;-40;-4;-7;;;-20;;-4;;;75;;hospital;;;;;;;;;;;;;;SupportBuilding;IntermediateDisease;1;Tycoons3;
others\special\police_station_others\police_station_others.ifo;;;;7;;;1000;;;;10;;;Police station;others;;;;;;10129;special;icon_27_112.png;Police-stn-icon.png;22;;-60;-6;-15;;;-30;;-7;;;75;;police_station;;;;;;;;;;;;;;SupportBuilding;IntermediateCrime;1;Tycoons4;
others\special\fire_station_others\fire_station_others.ifo;;;;6;;;300;;;;8;;;Fire station;others;;;;;;10130;special;icon_27_111.png;Fire-stn-icon.png;22;;-25;-2;-2;;;-12;;-1;;;75;;fire_station;;;;;;;;;;;;;;SupportBuilding;IntermediateFire;600;Tycoons2;
others\special\port_authority_others\port_authority_others.ifo;;;;5;;;1200;;;;10;;;Port authority;others;;;;;;10110;harbour;icon_27_91.png;Port-auth-icon.png;28;;-40;-2;-10;;;-20;-1;-5;;;;;port_authority;;;;;;;;;;;;;;Warehouse;Intermediate2;1;Tycoons2;
others\special\harboursystem_others\harboursystem_others_ground.ifo;;;;;;;5;;;;;;;Quay wall;others;;;;;;10044;harbour;icon_30_109.png;;;;;;;;;;;;;;;;harboursystem;;;;;;;;;;;;;;Harbour;Intermediate2;1;Tycoons2;
others\special\harboursystem_others\harboursystem_others_large_lift.ifo;;;;;;;;;;;;;;Harbour Props;others;;;;;;10074;harbour;;;;;;;;;;;;;;;;;harbourprops;;;;;;;;;;;;;;SimpleBlocking;;;;
others\special\harbour_defence_turret_others\harbour_defence_turret_others.ifo;;;;8;;;800;;;;5;5;;Harbor defense turret;others;;;;;;10101;harbour;icon_27_68.png;Harbor-def-icon.png;;;-15;;-4;;;;;-2;;40000;90;;harbour_defence_turret;;;;;;;;;;;;;;MobileMilitaryTurret;IntermediateWeapons;750;Tycoons2;
techs\special\advanced_defence_turret_techs\advanced_defence_turret_techs.ifo;;;4;;4;;2500;;;;4;;;Mobile Harbor defenses;others;;;;;;10124;harbour;icon_27_175.png;;;;-40;;-15;;;-20;;-7;;45000;75;;advanced_defence_turret;;;;;;;;;;;;;;MobileMilitaryTurret;IntermediateAdvancedWeapons;1;Techs2;
others\special\container_harbour_others\container_harbour_others.ifo;;;;15;;;2000;;;;10;;;Clearance terminal;others;;;;;;10109;harbour;icon_27_178.png;Clearance-term-icon.png;0;;-100;-2;-10;;;;-1;-5;;;;;container_harbour;;;;;;;;;;;;;;Warehouse;IntermediateCrime;1;Tycoons4;
others\special\harbour_depot_others\harbour_depot_others.ifo;;;;10;;;1000;;;;10;;;Harbor depot;others;;;;;;10131;harbour;icon_27_179.png;Harbor-depot-icon.png;0;;-20;-4;-2;;;;-2;-1;;;;;harbour_depot;;;;;;;;;;;;;;WarehouseWithoutTrading;IntermediateFire;600;Tycoons2;
others\special\repair_dock_others\repair_dock_others_base.ifo;;;;3;;;2000;;;;5;;;Repair dock;others;;;;;;10132;harbour;icon_27_180.png;Repair-dock-icon.png;25;;-25;-2;-10;;;-12;-1;-5;;;90;;repair_dock;;;;;;;;;;;;;;RepairHarbourBuilding;Intermediate2;1;Tycoons2;
others\production\sugar_beet_plantation_field_others\sugar_beet_plantation_field_others.ifo;;;;;;;50;;;;;;;Sugar beet field;others;;;;;;10199;farmfields;icon_27_6.png;;;;;;;;;;;;;;;;sugar_beet_plantation_field;;;;;;;;;;;;;;FarmfieldObject;IntermediateSugar;950;Tycoons3;
others\production\diamond_harvesting_station_field_others\diamond_harvesting_station_field_others.ifo;;;;;;;200;;;;;;;Diamond harvesting fields;others;;;;;;10226;farmfields;icon_27_6.png;;;;;;;;;;;;;;;;diamond_harvesting_field;;;;;;;;;;;;;;FarmfieldObject;IntermediateDiamond;1;Tycoons4;
third party\aquanauts\headquarter_aquanauts\headquarter_aquanauts.ifo;;;;;;;;;;;;;;Deep sea laboratory;third party;;;;;;10018;aquanauts;;;;;;;;;;;;;;;;;headquarter_aquanauts;;;;;;;;;;;;;;ThirdPartyWarehouse;;;;
third party\aquanauts\geothermical_powerplant_aquanauts\geothermical_powerplant_aquanauts.ifo;;;;;;;;;;;;;;aquanaut_props;third party;;;;;;10146;aquanauts;icon_27_199.png;;;;;;;;;;;;;;;;aquanaut_props;;;;;;;;;;;;;;SimpleBlocking;;;;
ecos\special\monitoring_station_ecos\monitoring_station_ecos.ifo;;;;;;;1000;;;;;;;Monitoring station;third party;;;;;335;10111;green_offensive;icon_27_39.png;;5;;;40;;;;;;;;;;;mine_green_offensive;;;;;;;;;;;;;;FarmBuilding;;;;
ecos\special\ozone_maker_building_ecos\ozone_maker_building_ecos.ifo;;;;;;;3000;;;;;;;Ozone Generator Station;third party;;;;;;10205;green_offensive;icon_27_39.png;;30;0;;125;;;400;;;;;;;;ozone_maker_green_offensive;;;;;;;;;;;;;;SimpleProductionBuilding;IntermediateOzonemaker;1;Ecos4;
third party\oil baron\giant_pumping_station_oil_baron\giant_pumping_station_oil_baron.ifo;;;;;;;;;;;;;;Sokow Transnational pumping station;third party;;;;;;10062;oil_baron;icon_27_90.png;;;;;-50;;;;;;;;;;;giant_pumping_station_oil_baron;;;;;;;;;;;;;;SimpleBuilding;;;;
third party\oil baron\headquarter_oil_baron\headquarter_oil_baron.ifo;;;;;;;;;;;;;;Sokow Transnational branch office;third party;;;;;;10115;oil_baron;icon_27_25.png;;25;;;;;;;;;;;;;;headquarter_oil_baron;;;;;;;;;;;;;;Warehouse;;;;
tycoons\special\shipyard_tycoons\shipyard_tycoons.ifo;;;;;;;;;;;;;;Shipyard;third party;;;;;;10135;oil_baron;icon_27_109.png;;;;-10;-10;-10;;;-5;-1;;;;90;;shipyard_tycoons_AI;;;;;;;;;;;;;;TaskBasedProductionBuilding;;;;
third party\oil baron\props\chimney_01_prop_oil_baron.ifo;;;;;;;;;;;;;;oil_baron_props;third party;;;;;;10251;oil_baron;;;;;;;;;;;;;;;;;oil_baron_props;;;;;;;;;;;;;;SimpleBlocking;;;;
third party\pirates\harbor_pirates\harbor_pirates.ifo;;;;;;;;;;;;;;Pirate harbor;third party;;;;;;10133;pirates;icon_27_198.png;;;;;;;;;;;;;;;;harbour_pirates;;;;;;;;;;;;;;ThirdPartyWarehouse;;;;
third party\pirates\cannon_pirates_01\cannon_pirates_01.ifo;;;;;;;;;;;;;;Decrepit Pirate Cannons;third party;;;;;;10134;pirates;icon_27_198.png;;;;;;;;;;;;;;0;;cannon_pirates;;;;;;;;;;;;;;ThirdpartyMilitaryBuilding;;;;
third party\pirates\cannon_pirates_02\cannon_pirates_02.ifo;;;;;;;;;;;;;;[GUIDNAME 10134];third party;;;;;;10250;pirates;icon_27_198.png;;;;;;;;;;;;;;0;;cannon2_pirates;;;;;;;;;;;;;;ThirdpartyMilitaryBuilding;;;;
third party\pirates\harbor_pirates\harbor_pirates_destroyed.ifo;;;;;;;;;;;;;;Destroyed Pirate Base;third party;;;;;;10258;pirates;icon_27_198.png;;;;;;;;;;;;;;;;harbour_pirates_destroyed;;;;;;;;;;;;;;ThirdPartyWarehouse;;;;
third party\pirates\cannon_pirates_01\cannon_pirates_destroyed_01.ifo;;;;;;;;;;;;;;Destroyed Pirate Cannon;third party;;;;;;10259;pirates;icon_27_198.png;;;;;;;;;;;;;;0;;cannon_pirates_destroyed;;;;;;;;;;;;;;ThirdpartyMilitaryBuilding;;;;
third party\pirates\cannon_pirates_02\cannon_pirates_destroyed_02.ifo;;;;;;;;;;;;;;Destroyed Pirate Cannon;third party;;;;;;10260;pirates;icon_27_198.png;;;;;;;;;;;;;;0;;cannon2_pirates_destroyed;;;;;;;;;;;;;;ThirdpartyMilitaryBuilding;;;;
third party\supporters\town_center_ecos\town_center_ecos_supporters.ifo;;;;5;;;600;;;;3;;;City Center;third party;;;;;;10040;supporter;icon_27_228.png;;20;;-10;90;-1;;;-10;;-1;;;;;town_center_supporter;;;;;;;;;;;;;;PublicBuilding;;;;
third party\rival\rival_town_center\rival_town_center.ifo;;;;5;;;600;;;;3;;;[GUIDNAME 10040];third party;;;;;;10263;rival;icon_27_222.png;;20;;-10;-200;-1;;;-10;;-1;;;;;town_center_rival;;;;;;;;;;;;;;PublicBuilding;;;;
